{"type": "block", "layer": 3, "block": 0, "features": [{"geom": {"pts": [[-20.55533802128205, 10.660272872244462, 0.0]], "r": 0.5267286038584648}, "mtl": 0, "prop": ["ROMA", "Middle Italy", "y"], "lh": 2.6336430192923235}]}